Fw: [分享] Dust Front RTS自製部分繁中化檔案,6,Sun Jun 21 18:58:57 2026
[心得] 新品節 萌太寶貝Montabi 類寶可夢肉鴿卡牌,3,Sun Jun 21 20:43:34 2026
Fw: [閒聊] 想學泰坦殞落但學得很怪的EMPULSE,1,Sun Jun 21 21:21:48 2026
[閒聊] 2026 IEM 科隆 MAJOR 總冠軍：Falcons,100,Mon Jun 22 02:05:52 2026
Re: [心得] 大推Witchfire 魂+撤離+roguelike的射擊,6,Mon Jun 22 08:11:39 2026
Re: [閒聊] 太吾繪卷 褒貶不一,30,Mon Jun 22 08:23:43 2026
[心得] 夏洛克．福爾摩斯：第一章 無雷簡易心得,1,Mon Jun 22 10:30:38 2026
Fw: [閒聊] 動物朋友三創遊戲 阿萊桑公寓新增中文,12,Mon Jun 22 10:39:11 2026
[心得] 絕對魔權+失落城堡2+蒼翼：混沌效應,12,Mon Jun 22 13:03:43 2026
[閒聊] Empulse Demo 試玩心得,0,Mon Jun 22 23:18:31 2026
[閒聊] GTA 6 的預售價格公開 最貴可能約7XXX元,0,Tue Jun 23 00:10:35 2026
[公告] 板務宣導/實用連結/置底聊天區,100,
[公告] Steam板板規(新!) /文章推薦區,15,Fri Sep 15 00:09:18 2017
[公告] 交易文章使用說明(發文/推文前請詳閱),0,
[公告] 板規增訂,24,Thu Nov 27 17:43:43 2025
[公告] 6月置底遊戲交換區,5,
[組包] 開羅30週年組包,27,Fri Jun 19 12:12:25 2026
[CS2 ] IEM Cologne Major 2026 八強Day2,100,
[情報] GOG夏特開始了,7,Fri Jun 19 17:24:04 2026
Fw: [閒聊] Dust Front RTS 一點補充(圖多+文長),7,Fri Jun 19 17:50:09 2026
[心得] Slider 超好玩的解謎遊戲,6,Fri Jun 19 18:43:32 2026
[新聞] Steam新主機效能翻車！跑分「慘輸三年前,63,Fri Jun 19 19:17:06 2026
[閒聊] 太吾繪卷 褒貶不一,28,Sat Jun 20 09:19:14 2026
[閒聊] 綠龍有不一樣了嗎？,23,Sat Jun 20 09:26:51 2026
[新聞] 索尼克/音速小子35週年打折最低90% 新消息,9,Sat Jun 20 12:28:33 2026
[問題] 請問有像手遊那種隊伍搭配的遊戲能推薦,16,Sat Jun 20 12:51:30 2026
[閒聊] Bus Simulator 27,8,Sat Jun 20 13:05:03 2026
Re: [閒聊] 太吾繪卷 褒貶不一,22,Sat Jun 20 16:23:55 2026
[CS2 ] IEM Cologne Major 2026 四強,100,
"Re: [閒聊] ff7 rebirth 1.005 加入作弊功能,mod 失效",2,Sat Jun 20 20:54:21 2026
[閒聊] 恭喜賀喜朧村正怪奇譚上steam～,8,Sat Jun 20 21:39:39 2026
[實況] steam新品節試玩【powappp3】2200開,0,Sat Jun 20 21:48:27 2026
[閒聊] 新品節試玩 4款小遊戲（放置、自動戰鬥,2,Sat Jun 20 22:28:30 2026
"[問題] 除了ubi,還有沒有風景遊戲？",80,Sun Jun 21 07:58:07 2026
[心得] 迷你舒適房間- 多方滿足的桌面程式,9,Sun Jun 21 08:29:12 2026
[CS2 ] IEM Cologne Major 2026 Grand Final,100,
Re: [心得] 007 First Light-特務的重生,4,Tue Jun 16 12:33:40 2026
Re: [新聞] 中國新遊戲竟以「核平日本」為賣點 大踩,15,
[問題] 請問兩款遊戲目前bug的修正程度,0,Tue Jun 16 16:28:45 2026
[閒聊] 有類似的遊戲嗎 多職業 沙盒,14,Tue Jun 16 17:47:40 2026
[心得] 龍之劍：覺醒試玩版,6,Wed Jun 17 00:12:05 2026
[閒聊] 文明7新付費DLC-平安日本+戰國日本,19,Wed Jun 17 03:18:55 2026
[閒聊] 太吾正式版的付費DLC-可以跟蟋蟀%%,49,Wed Jun 17 12:27:13 2026
[新聞] 不只華人買單！黑神話狂銷破3000萬套,35,Wed Jun 17 18:39:12 2026
Fw: [閒聊] Dust Front RTS 新即時戰略遊戲,17,Wed Jun 17 18:39:39 2026
[新聞] CK3 無地冒險者系統將融入本體,9,Wed Jun 17 19:24:53 2026
[問題] 請教有媲美燕雲十六聲的武俠遊戲嗎?,47,Thu Jun 18 10:53:42 2026
Re: [新聞] 中國新遊戲竟以「核平日本」為賣點 大踩,8,Thu Jun 18 14:07:56 2026
[CS2 ] IEM Cologne Major 2026 八強Day1,100,
[實況] 朧村正！恭喜賀喜！,1,Thu Jun 18 19:58:44 2026
[問題] 逸劍風雲決如何無腦賺錢?,6,Thu Jun 18 20:41:39 2026
[閒聊] re2 ada mod 與 leon 合體,1,Thu Jun 18 22:03:45 2026
[新聞] 《Wallpaper Engine》爆駭客惡意藏木馬,26,Thu Jun 18 22:38:55 2026
[限免] Citizen Sleeper / ROBOBEAT (epic),12,Fri Jun 19 07:08:19 2026
[閒聊] Stellaris、雙點博物館 免費週末,11,Fri Jun 19 09:15:04 2026
[心得] 2026年6月steam新品節試玩推薦共15款,33,Fri Jun 19 10:09:43 2026
